1,the
2,of
3,to
4,and
5,a
6,in
7,is
8,it
9,you
10,that
11,he
12,was
13,for
14,on
15,are
16,with
17,as
18,I
19,his
20,they
21,be
22,at
23,one
24,have
25,this
26,from
27,or
28,had
29,by
30,hot
31,word
32,but
33,what
34,some
35,we
36,can
37,out
38,other
39,were
40,all
41,there
42,when
43,up
44,use
45,your
46,how
47,said
48,an
49,each
50,she
51,which
52,do
53,their
54,time
55,if
56,will
57,way
58,about
59,many
60,then
61,them
62,write
63,would
64,like
65,so
66,these
67,her
68,long
69,make
70,thing
71,see
72,him
73,two
74,has
75,look
76,more
77,day
78,could
79,go
80,come
81,did
82,number
83,sound
84,no
85,most
86,people
87,my
88,over
89,know
90,water
91,than
92,call
93,first
94,who
95,may
96,down
97,side
98,been
99,now
100,find
101,any
102,new
103,work
104,part
105,take
106,get
107,place
108,made
109,live
110,where
111,after
112,back
113,little
114,only
115,round
116,man
117,year
118,came
119,show
120,every
121,good
122,me
123,give
124,our
125,under
126,name
127,very
128,through
129,just
130,form
131,sentence
132,great
133,think
134,say
135,help
136,low
137,line
138,differ
139,turn
140,cause
141,much
142,mean
143,before
144,move
145,right
146,boy
147,old
148,too
149,same
150,tell
151,does
152,set
153,three
154,want
155,air
156,well
157,also
158,play
159,small
160,end
161,put
162,home
163,read
164,hand
165,port
166,large
167,spell
168,add
169,even
170,land
171,here
172,must
173,big
174,high
175,such
176,follow
177,act
178,why
179,ask
180,men
181,change
182,went
183,light
184,kind
185,off
186,need
187,house
188,picture
189,try
190,us
191,again
192,animal
193,point
194,mother
195,world
196,near
197,build
198,self
199,earth
200,father
201,head
202,stand
203,own
204,page
205,should
206,country
207,found
208,answer
209,school
210,grow
211,study
212,still
213,learn
214,plant
215,cover
216,food
217,sun
218,four
219,between
220,state
221,keep
222,eye
223,never
224,last
225,let
226,thought
227,city
228,tree
229,cross
230,farm
231,hard
232,start
233,might
234,story
235,saw
236,far
237,sea
238,draw
239,left
240,late
241,run
242,don't
243,while
244,press
245,close
246,night
247,real
248,life
249,few
250,north
251,open
252,seem
253,together
254,next
255,white
256,children
257,begin
258,got
259,walk
260,example
261,ease
262,paper
263,group
264,always
265,music
266,those
267,both
268,mark
269,often
270,letter
271,until
272,mile
273,river
274,car
275,feet
276,care
277,second
278,book
279,carry
280,took
281,science
282,eat
283,room
284,friend
285,began
286,idea
287,fish
288,mountain
289,stop
290,once
291,base
292,hear
293,horse
294,cut
295,sure
296,watch
297,color
298,face
299,wood
300,main
301,enough
302,plain
303,girl
304,usual
305,young
306,ready
307,above
308,ever
309,red
310,list
311,though
312,feel
313,talk
314,bird
315,soon
316,body
317,dog
318,family
319,direct
320,pose
321,leave
322,song
323,measure
324,door
325,product
326,black
327,short
328,numeral
329,class
330,wind
331,question
332,happen
333,complete
334,ship
335,area
336,half
337,rock
338,order
339,fire
340,south
341,problem
342,piece
343,told
344,knew
345,pass
346,since
347,top
348,whole
349,king
350,space
351,heard
352,best
353,hour
354,better
355,true .
356,during
357,hundred
358,five
359,remember
360,step
361,early
362,hold
363,west
364,ground
365,interest
366,reach
367,fast
368,verb
369,sing
370,listen
371,six
372,table
373,travel
374,less
375,morning
376,ten
377,simple
378,several
379,vowel
380,toward
381,war
382,lay
383,against
384,pattern
385,slow
386,center
387,love
388,person
389,money
390,serve
391,appear
392,road
393,map
394,rain
395,rule
396,govern
397,pull
398,cold
399,notice
400,voice
401,unit
402,power
403,town
404,fine
405,certain
406,fly
407,fall
408,lead
409,cry
410,dark
411,machine
412,note
413,wait
414,plan
415,figure
416,star
417,box
418,noun
419,field
420,rest
421,correct
422,able
423,pound
424,done
425,beauty
426,drive
427,stood
428,contain
429,front
430,teach
431,week
432,final
433,gave
434,green
435,oh
436,quick
437,develop
438,ocean
439,warm
440,free
441,minute
442,strong
443,special
444,mind
445,behind
446,clear
447,tail
448,produce
449,fact
450,street
451,inch
452,multiply
453,nothing
454,course
455,stay
456,wheel
457,full
458,force
459,blue
460,object
461,decide
462,surface
463,deep
464,moon
465,island
466,foot
467,system
468,busy
469,test
470,record
471,boat
472,common
473,gold
474,possible
475,plane
476,stead
477,dry
478,wonder
479,laugh
480,thousand
481,ago
482,ran
483,check
484,game
485,shape
486,equate
487,miss
488,brought
489,heat
490,snow
491,tire
492,bring
493,yes
494,distant
495,fill
496,east
497,paint
498,language
499,among
500,grand
501,ball
502,yet
503,wave
504,drop
505,heart
506,am
507,present
508,heavy
509,dance
510,engine
511,position
512,arm
513,wide
514,sail
515,material
516,size
517,vary
518,settle
519,speak
520,weight
521,general
522,ice
523,matter
524,circle
525,pair
526,include
527,divide
528,syllable
529,felt
530,perhaps
531,pick
532,sudden
533,count
534,square
535,reason
536,length
537,represent
538,art
539,subject
540,region
541,energy
542,hunt
543,probable
544,bed
545,brother
546,egg
547,ride
548,cell
549,believe
550,fraction
551,forest
552,sit
553,race
554,window
555,store
556,summer
557,train
558,sleep
559,prove
560,lone
561,leg
562,exercise
563,wall
564,catch
565,mount
566,wish
567,sky
568,board
569,joy
570,winter
571,sat
572,written
573,wild
574,instrument
575,kept
576,glass
577,grass
578,cow
579,job
580,edge
581,sign
582,visit
583,past
584,soft
585,fun
586,bright
587,gas
588,weather
589,month
590,million
591,bear
592,finish
593,happy
594,hope
595,flower
596,clothe
597,strange
598,gone
599,jump
600,baby
601,eight
602,village
603,meet
604,root
605,buy
606,raise
607,solve
608,metal
609,whether
610,push
611,seven
612,paragraph
613,third
614,shall
615,held
616,hair
617,describe
618,cook
619,floor
620,either
621,result
622,burn
623,hill
624,safe
625,cat
626,century
627,consider
628,type
629,law
630,bit
631,coast
632,copy
633,phrase
634,silent
635,tall
636,sand
637,soil
638,roll
639,temperature
640,finger
641,industry
642,value
643,fight
644,lie
645,beat
646,excite
647,natural
648,view
649,sense
650,ear
651,else
652,quite
653,broke
654,case
655,middle
656,kill
657,son
658,lake
659,moment
660,scale
661,loud
662,spring
663,observe
664,child
665,straight
666,consonant
667,nation
668,dictionary
669,milk
670,speed
671,method
672,organ
673,pay
674,age
675,section
676,dress
677,cloud
678,surprise
679,quiet
680,stone
681,tiny
682,climb
683,cool
684,design
685,poor
686,lot
687,experiment
688,bottom
689,key
690,iron
691,single
692,stick
693,flat
694,twenty
695,skin
696,smile
697,crease
698,hole
699,trade
700,melody
701,trip
702,office
703,receive
704,row
705,mouth
706,exact
707,symbol
708,die
709,least
710,trouble
711,shout
712,except
713,wrote
714,seed
715,tone
716,join
717,suggest
718,clean
719,break
720,lady
721,yard
722,rise
723,bad
724,blow
725,oil
726,blood
727,touch
728,grew
729,cent
730,mix
731,team
732,wire
733,cost
734,lost
735,brown
736,wear
737,garden
738,equal
739,sent
740,choose
741,fell
742,fit
743,flow
744,fair
745,bank
746,collect
747,save
748,control
749,decimal
750,gentle
751,woman
752,captain
753,practice
754,separate
755,difficult
756,doctor
757,please
758,protect
759,noon
760,whose
761,locate
762,ring
763,character
764,insect
765,caught
766,period
767,indicate
768,radio
769,spoke
770,atom
771,human
772,history
773,effect
774,electric
775,expect
776,crop
777,modern
778,element
779,hit
780,student
781,corner
782,party
783,supply
784,bone
785,rail
786,imagine
787,provide
788,agree
789,thus
790,capital
791,won't
792,chair
793,danger
794,fruit
795,rich
796,thick
797,soldier
798,process
799,operate
800,guess
801,necessary
802,sharp
803,wing
804,create
805,neighbor
806,wash
807,bat
808,rather
809,crowd
810,corn
811,compare
812,poem
813,string
814,bell
815,depend
816,meat
817,rub
818,tube
819,famous
820,dollar
821,stream
822,fear
823,sight
824,thin
825,triangle
826,planet
827,hurry
828,chief
829,colony
830,clock
831,mine
832,tie
833,enter
834,major
835,fresh
836,search
837,send
838,yellow
839,gun
840,allow
841,print
842,dead
843,spot
844,desert
845,suit
846,current
847,lift
848,rose
849,continue
850,block
851,chart
852,hat
853,sell
854,success
855,company
856,subtract
857,event
858,particular
859,deal
860,swim
861,term
862,opposite
863,wife
864,shoe
865,shoulder
866,spread
867,arrange
868,camp
869,invent
870,cotton
871,born
872,determine
873,quart
874,nine
875,truck
876,noise
877,level
878,chance
879,gather
880,shop
881,stretch
882,throw
883,shine
884,property
885,column
886,molecule
887,select
888,wrong
889,gray
890,repeat
891,require
892,broad
893,prepare
894,salt
895,nose
896,plural
897,anger
898,claim
899,continent
900,oxygen
901,sugar
902,death
903,pretty
904,skill
905,women
906,season
907,solution
908,magnet
909,silver
910,thank
911,branch
912,match
913,suffix
914,especially
915,fig
916,afraid
917,huge
918,sister
919,steel
920,discuss
921,forward
922,similar
923,guide
924,experience
925,score
926,apple
927,bought
928,led
929,pitch
930,coat
931,mass
932,card
933,band
934,rope
935,slip
936,win
937,dream
938,evening
939,condition
940,feed
941,tool
942,]total
943,basic
944,smell
945,valley
946,nor
947,double
948,seat
949,arrive
950,master
951,track
952,parent
953,shore
954,division
955,sheet
956,substance
957,favor
958,connect
959,post
960,spend
961,chord
962,fat
963,glad
964,original
965,share
966,station
967,dad
968,bread
969,charge
970,proper
971,bar
972,offer
973,segment
974,slave
975,duck
976,instant
977,market
978,degree
979,populate
980,chick
981,dear
982,enemy
983,reply
984,drink
985,occur
986,support
987,speech
988,nature
989,range
990,steam
991,motion
992,path
993,liquid
994,log
995,meant
996,quotient
997,teeth
998,shell
999,neck
